id,category,topic,japan_maturity,overseas_room,search_intent,purchase_need,advertiser_fit,affiliate,competition,toolability,primary_information,safety,limit,sources,source_urls,status,priority,checked
C001,Bath & hygiene,Electric bidet seats,Established industry/history evidence; no unverified household penetration figure,US / Canada; then locally approved UK/EU models: problem-led opportunity hypothesis; volumes not measured,will a bidet seat fit my toilet,Pre-purchase or implementation comparison,Bathroom equipment / installers,Retail links possible; programme approval unverified,High: manufacturers publish fit guides (editorial estimate; no keyword audit),Measurement and readiness worksheet,Primary reference available; scope and missing evidence recorded,Medium: water and electrical installation,"Electrical protection, backflow rules and exact bowl contour","TOTO_HISTORY, TOTO_FIT, BRONDELL_FIT",https://jp.toto.com/company/press/2025_12_09/ | https://www.totousa.com/filemanager_uploads/product_assets/OwnersManual/Washlet-Fit-Chart.pdf | https://help.brondell.com/hc/en-us/articles/34579633981709-Fit-Measurement-Guide-Toilet-Compatibility,Publish first,1,2026-09-24
C002,Bath & hygiene,Non-electric bidet attachments,Catalogue/service confirmed; national uptake not established,Segment-specific hypothesis; adoption gap and search volume not measured,bidet without electricity installation,Readiness / implementation research,Bathroom equipment / installers,Retail links possible; programme approval unverified,High: manufacturers publish fit guides (editorial estimate; no keyword audit),Plumbing and clearance checklist,Primary reference available; scope and missing evidence recorded,Medium: water and electrical installation,Separate product manual needed; catalogue evidence incomplete,"TOTO_PRODUCTS, BRONDELL_FIT",https://jp.toto.com/products/ | https://help.brondell.com/hc/en-us/articles/34579633981709-Fit-Measurement-Guide-Toilet-Compatibility,Hold for topic-specific validation,,2026-09-24
C003,Bath & hygiene,Heated toilet seats,Catalogue/service confirmed; national uptake not established,Segment-specific hypothesis; adoption gap and search volume not measured,heated toilet seat electricity cost,Pre-purchase or implementation comparison,Bathroom equipment / installers,Retail links possible; programme approval unverified,High: manufacturers publish fit guides (editorial estimate; no keyword audit),Measured-power cost calculator,Primary reference available; scope and missing evidence recorded,Medium: water and electrical installation,Electrical product approval and standby energy,"TOTO_PRODUCTS, ESRI",https://jp.toto.com/products/ | https://www.esri.cao.go.jp/jp/stat/shouhi/shouhi,Hold for topic-specific validation,,2026-09-24
C004,Bath & hygiene,Portable travel bidets,Catalogue/service confirmed; national uptake not established,Segment-specific hypothesis; adoption gap and search volume not measured,portable bidet bottle vs electric,Pre-purchase or implementation comparison,Bathroom equipment / installers,Retail links possible; programme approval unverified,High: manufacturers publish fit guides (editorial estimate; no keyword audit),Travel feature comparison,Primary reference available; scope and missing evidence recorded,Medium: water and electrical installation,Water source and cleaning; no medical claims,TOTO_PRODUCTS,https://jp.toto.com/products/,Hold for topic-specific validation,,2026-09-24
C005,Bath & hygiene,Bath reheating loops,Catalogue/service confirmed; national uptake not established,Segment-specific hypothesis; adoption gap and search volume not measured,Japanese bath reheat retrofit,Pre-purchase or implementation comparison,Bathroom equipment / installers,Retail links possible; programme approval unverified,High: manufacturers publish fit guides (editorial estimate; no keyword audit),Installer question list,Primary reference available; scope and missing evidence recorded,Medium: water and electrical installation,Specific reheat model manual and local plumbing evidence needed,BATH,https://sumai.panasonic.jp/bathroom/bevas/base_plan/,Hold for topic-specific validation,,2026-09-24
C006,Bath & hygiene,Insulated bath covers,Catalogue/service confirmed; national uptake not established,Segment-specific hypothesis; adoption gap and search volume not measured,insulated bathtub lid heat loss,Pre-purchase or implementation comparison,Bathroom equipment / installers,Retail links possible; programme approval unverified,High: manufacturers publish fit guides (editorial estimate; no keyword audit),Measured cooling comparison worksheet,Primary reference available; scope and missing evidence recorded,Medium: water and electrical installation,No universal heat-retention or savings claim,BATH,https://sumai.panasonic.jp/bathroom/bevas/base_plan/,Hold for topic-specific validation,,2026-09-24
C007,Bath & hygiene,Bathroom heater dryers,Catalogue/service confirmed; national uptake not established,Segment-specific hypothesis; adoption gap and search volume not measured,bathroom heater dryer installation,Readiness / implementation research,Bathroom equipment / installers,Retail links possible; programme approval unverified,High: manufacturers publish fit guides (editorial estimate; no keyword audit),Ventilation and circuit checklist,Primary reference available; scope and missing evidence recorded,Medium: water and electrical installation,"Moisture, wet-zone electrical and exhaust requirements",BATH_HEAT,https://www.mitsubishielectric.co.jp/ldm/ventilationfan/bath/,Hold for topic-specific validation,,2026-09-24
C008,Bath & hygiene,Prefabricated unit bathrooms,Catalogue/service confirmed; national uptake not established,Segment-specific hypothesis; adoption gap and search volume not measured,Japanese unit bathroom dimensions,Pre-purchase or implementation comparison,Bathroom equipment / installers,Retail links possible; programme approval unverified,High: manufacturers publish fit guides (editorial estimate; no keyword audit),Envelope and service access worksheet,Primary reference available; scope and missing evidence recorded,Medium: water and electrical installation,Construction standards and waterproofing differ,BATH,https://sumai.panasonic.jp/bathroom/bevas/base_plan/,Hold for topic-specific validation,,2026-09-24
C009,Bath & hygiene,Compact handwash basins,Catalogue/service confirmed; national uptake not established,Segment-specific hypothesis; adoption gap and search volume not measured,small toilet handwash basin dimensions,Readiness / implementation research,Bathroom equipment / installers,Retail links possible; programme approval unverified,High: manufacturers publish fit guides (editorial estimate; no keyword audit),Clearance checklist,Primary reference available; scope and missing evidence recorded,Medium: water and electrical installation,Local accessibility and plumbing rules,TOTO_PRODUCTS,https://jp.toto.com/products/,Hold for topic-specific validation,,2026-09-24
C010,Bath & hygiene,Touchless washbasin taps,Catalogue/service confirmed; national uptake not established,Segment-specific hypothesis; adoption gap and search volume not measured,sensor faucet battery maintenance,Pre-purchase or implementation comparison,Bathroom equipment / installers,Retail links possible; programme approval unverified,High: manufacturers publish fit guides (editorial estimate; no keyword audit),Maintenance comparison,Primary reference available; scope and missing evidence recorded,Medium: water and electrical installation,Not uniquely Japanese; established global competition,TOTO_PRODUCTS,https://jp.toto.com/products/,Hold for topic-specific validation,,2026-09-24
C011,Bath & hygiene,Consistent restroom button layouts,Catalogue/service confirmed; national uptake not established,Segment-specific hypothesis; adoption gap and search volume not measured,accessible toilet button layout,Pre-purchase or implementation comparison,Bathroom equipment / installers,Retail links possible; programme approval unverified,High: manufacturers publish fit guides (editorial estimate; no keyword audit),Control-label audit,Primary reference available; scope and missing evidence recorded,Medium: water and electrical installation,Jurisdiction-specific accessibility; no automatic compliance verdict,TOTO_PUBLIC,https://jp.toto.com/products/public/publicrestroomitems/,Hold for topic-specific validation,,2026-09-24
C012,Bath & hygiene,Toilet sound masking,Catalogue/service confirmed; national uptake not established,Segment-specific hypothesis; adoption gap and search volume not measured,toilet privacy sound device,Readiness / implementation research,Bathroom equipment / installers,Retail links possible; programme approval unverified,High: manufacturers publish fit guides (editorial estimate; no keyword audit),Preference and power checklist,Primary reference available; scope and missing evidence recorded,Medium: water and electrical installation,Vendor claims; privacy needs vary culturally,TOTO_SOUND,https://jp.toto.com/company/press/2026_06_16_02/,Hold for topic-specific validation,,2026-09-24
C013,Energy & retrofit,Heat-pump water heating / EcoCute,Established industry/history evidence; no unverified household penetration figure,US replacement buyers; compare local systems before Australia/Europe: problem-led opportunity hypothesis; volumes not measured,heat pump water heater running cost,Pre-purchase or implementation comparison,Energy equipment / qualified installers,Local lead referrals possible; agreement unverified,High: utilities and manufacturers (editorial estimate; no keyword audit),Transparent energy and cost calculator,Primary reference available; scope and missing evidence recorded,"High: electrical, plumbing and grid work",Split CO2 and indoor integrated systems have different conditions,"IEA_HP, JRAIA, HP_DESIGN",https://www.iea.org/reports/heat-pump-monitor-2026/key-findings | https://www.jraia.or.jp/product/heatpump/i_broke.html | https://www.energystar.gov/partner-resources/residential_new/educational_resources/sup_program_guidance/heat_pump_water_heater_guide/design_considerations,Publish first,2,2026-09-24
C014,Energy & retrofit,Ductless room heat pumps,Established industry/history evidence; no unverified household penetration figure,Segment-specific hypothesis; adoption gap and search volume not measured,mini split vs central heat room sizing,Pre-purchase or implementation comparison,Energy equipment / qualified installers,Local lead referrals possible; agreement unverified,High: utilities and manufacturers (editorial estimate; no keyword audit),Room survey for contractor,Primary reference available; scope and missing evidence recorded,"High: electrical, plumbing and grid work",Already mature in many countries; no automatic HVAC sizing,"IEA_HP, ROOM_HEAT",https://www.iea.org/reports/heat-pump-monitor-2026/key-findings | https://www.enecho.meti.go.jp/category/saving_and_new/saving/general/howto/airconditioning/index.html,Hold for topic-specific validation,,2026-09-24
C015,Energy & retrofit,Home energy management systems,Catalogue/service confirmed; national uptake not established,Segment-specific hypothesis; adoption gap and search volume not measured,HEMS device compatibility,Readiness / implementation research,Energy equipment / qualified installers,Local lead referrals possible; agreement unverified,High: utilities and manufacturers (editorial estimate; no keyword audit),Protocol and tariff checklist,Primary reference available; scope and missing evidence recorded,"High: electrical, plumbing and grid work",Vendor ecosystems and data access,HEMS,https://www.enecho.meti.go.jp/category/saving_and_new/saving/general/what/index.html,Hold for topic-specific validation,,2026-09-24
C016,Energy & retrofit,Solar battery EV coordination,Catalogue/service confirmed; national uptake not established,Segment-specific hypothesis; adoption gap and search volume not measured,solar battery EV priority settings,Pre-purchase or implementation comparison,Energy equipment / qualified installers,Local lead referrals possible; agreement unverified,High: utilities and manufacturers (editorial estimate; no keyword audit),Household load scheduling worksheet,Primary reference available; scope and missing evidence recorded,"High: electrical, plumbing and grid work",Grid approval; professional system design,"ENERGY_WHITE, CHADEMO",https://www.enecho.meti.go.jp/about/whitepaper/2024/html/3-2-3.html | https://www.chademo.com/technology/v2g,Hold for topic-specific validation,,2026-09-24
C017,Energy & retrofit,Vehicle-to-home backup,Specialty/pilot or limited application; does not meet a blanket everyday-adoption claim,Segment-specific hypothesis; adoption gap and search volume not measured,V2H backup runtime,Pre-purchase or implementation comparison,Energy equipment / qualified installers,Local lead referrals possible; agreement unverified,High: utilities and manufacturers (editorial estimate; no keyword audit),Energy budget calculator,Primary reference available; scope and missing evidence recorded,"High: electrical, plumbing and grid work",Japanese technology maturity is not widespread household adoption,CHADEMO,https://www.chademo.com/technology/v2g,Hold for topic-specific validation,,2026-09-24
C018,Energy & retrofit,Smart-meter consumption feedback,Catalogue/service confirmed; national uptake not established,Segment-specific hypothesis; adoption gap and search volume not measured,download smart meter energy data,Pre-purchase or implementation comparison,Energy equipment / qualified installers,Local lead referrals possible; agreement unverified,High: utilities and manufacturers (editorial estimate; no keyword audit),Local-data tariff comparison,Primary reference available; scope and missing evidence recorded,"High: electrical, plumbing and grid work","Access permissions, privacy and tariff complexity",SMART_METER,https://www.enecho.meti.go.jp/category/electricity_and_gas/electric/fee/stracture/smartmeter.html,Hold for topic-specific validation,,2026-09-24
C019,Energy & retrofit,Household demand response,Catalogue/service confirmed; national uptake not established,Segment-specific hypothesis; adoption gap and search volume not measured,home demand response peak tariff,Pre-purchase or implementation comparison,Energy equipment / qualified installers,Local lead referrals possible; agreement unverified,High: utilities and manufacturers (editorial estimate; no keyword audit),Shiftable-load inventory,Primary reference available; scope and missing evidence recorded,"High: electrical, plumbing and grid work",Programme-specific rates and rules; defer financial promises,ENERGY_WHITE,https://www.enecho.meti.go.jp/about/whitepaper/2024/html/3-2-3.html,Hold for topic-specific validation,,2026-09-24
C020,Energy & retrofit,Secondary interior glazing,Catalogue/service confirmed; national uptake not established,Single-glazed homes where landlord/building permission allows: problem-led opportunity hypothesis; volumes not measured,secondary glazing window measurement,Readiness / implementation research,Energy equipment / qualified installers,Local lead referrals possible; agreement unverified,High: utilities and manufacturers (editorial estimate; no keyword audit),Measurement and quote checklist,Primary reference available; scope and missing evidence recorded,"High: electrical, plumbing and grid work","Already established in UK; permission, moisture and escape routes","INPLUS, EST_WINDOWS",https://www.lixil.co.jp/lineup/window/inplus/ | https://energysavingtrust.org.uk/advice/windows-and-doors/,Shortlist: validate target region,9,2026-09-24
C021,Energy & retrofit,Kotatsu local heating,Catalogue/service confirmed; national uptake not established,Segment-specific hypothesis; adoption gap and search volume not measured,kotatsu running cost,Pre-purchase or implementation comparison,Energy equipment / qualified installers,Local lead referrals possible; agreement unverified,High: utilities and manufacturers (editorial estimate; no keyword audit),Power and usage cost calculator,Primary reference available; scope and missing evidence recorded,"High: electrical, plumbing and grid work",Fire precautions; not whole-room heating,ROOM_HEAT,https://www.enecho.meti.go.jp/category/saving_and_new/saving/general/howto/airconditioning/index.html,Hold for topic-specific validation,,2026-09-24
C022,Energy & retrofit,Electric floor mats,Catalogue/service confirmed; national uptake not established,Segment-specific hypothesis; adoption gap and search volume not measured,electric heated mat energy use,Pre-purchase or implementation comparison,Energy equipment / qualified installers,Local lead referrals possible; agreement unverified,High: utilities and manufacturers (editorial estimate; no keyword audit),Power-time calculator,Primary reference available; scope and missing evidence recorded,"High: electrical, plumbing and grid work","Temperature, product instructions and trip hazards",ROOM_HEAT,https://www.enecho.meti.go.jp/category/saving_and_new/saving/general/howto/airconditioning/index.html,Hold for topic-specific validation,,2026-09-24
C023,Energy & retrofit,Room-by-room heating schedules,Catalogue/service confirmed; national uptake not established,Segment-specific hypothesis; adoption gap and search volume not measured,heat one room or whole house,Pre-purchase or implementation comparison,Energy equipment / qualified installers,Local lead referrals possible; agreement unverified,High: utilities and manufacturers (editorial estimate; no keyword audit),Usage scenario comparison,Primary reference available; scope and missing evidence recorded,"High: electrical, plumbing and grid work",Condensation and building fabric; no fixed savings,ROOM_HEAT,https://www.enecho.meti.go.jp/category/saving_and_new/saving/general/howto/airconditioning/index.html,Hold for topic-specific validation,,2026-09-24
C024,Energy & retrofit,Vacuum-insulated electric water pots,Catalogue/service confirmed; national uptake not established,Segment-specific hypothesis; adoption gap and search volume not measured,water boiler vs kettle running cost,Pre-purchase or implementation comparison,Energy equipment / qualified installers,Local lead referrals possible; agreement unverified,High: utilities and manufacturers (editorial estimate; no keyword audit),Measured daily-use comparison,Primary reference available; scope and missing evidence recorded,"High: electrical, plumbing and grid work","100 V imports, standing losses and scalding","ZO_POT, KITCHEN_ENERGY",https://www.zojirushi.co.jp/syohin/pot_kettle/ve_electric_thermos/cv-gv/ | https://www.enecho.meti.go.jp/category/saving_and_new/saving/general/howto/kitchen/index.html,Hold for topic-specific validation,,2026-09-24
C025,Energy & retrofit,Induction cooking in compact homes,Catalogue/service confirmed; national uptake not established,Segment-specific hypothesis; adoption gap and search volume not measured,portable induction cooker power requirements,Readiness / implementation research,Energy equipment / qualified installers,Local lead referrals possible; agreement unverified,High: utilities and manufacturers (editorial estimate; no keyword audit),Circuit and cookware checklist,Primary reference available; scope and missing evidence recorded,"High: electrical, plumbing and grid work",Confirm a specific model; established overseas market,"KITCHEN_ENERGY, ZO_PRODUCTS",https://www.enecho.meti.go.jp/category/saving_and_new/saving/general/howto/kitchen/index.html | https://www.zojirushi.co.jp/syohin/,Hold for topic-specific validation,,2026-09-24
C026,Preparedness,Rolling household food stocks,Public guidance/programme established; actual household or school uptake not measured here,English-speaking households with limited storage: problem-led opportunity hypothesis; volumes not measured,emergency food stock calculator,Pre-purchase or implementation comparison,Preparedness supplies / storage,Retail links possible; programme approval unverified,High: public agencies and retailers (editorial estimate; no keyword audit),Stock deficit and rotation planner,Primary reference available; scope and missing evidence recorded,Medium to high: emergency needs vary,Public recommendation does not mean universal household practice,"STOCK, MAFF",https://www.bousai.go.jp/kyoiku/hokenkyousai/check.html | https://www.maff.go.jp/j/zyukyu/foodstock/chapter02.html,Publish first,3,2026-09-24
C027,Preparedness,Household emergency water storage,Public guidance/programme established; actual household or school uptake not measured here,Segment-specific hypothesis; adoption gap and search volume not measured,how much emergency water per person,Pre-purchase or implementation comparison,Preparedness supplies / storage,Retail links possible; programme approval unverified,High: public agencies and retailers (editorial estimate; no keyword audit),Water and container calculator,Primary reference available; scope and missing evidence recorded,Medium to high: emergency needs vary,"Local guidance, heat, pets and sanitation needs","STOCK, CDC_WATER",https://www.bousai.go.jp/kyoiku/hokenkyousai/check.html | https://www.cdc.gov/water-emergency/about/how-to-create-and-store-an-emergency-water-supply.html,Hold for topic-specific validation,,2026-09-24
C028,Preparedness,Emergency toilet bags and liners,Public guidance/programme established; actual household or school uptake not measured here,Households planning for water/sewer interruptions: problem-led opportunity hypothesis; volumes not measured,emergency toilet bags how many,Pre-purchase or implementation comparison,Preparedness supplies / storage,Retail links possible; programme approval unverified,High: public agencies and retailers (editorial estimate; no keyword audit),Use-count and reorder calculator,Primary reference available; scope and missing evidence recorded,Medium to high: emergency needs vary,Waste disposal and sewer conditions are local,"TOILET_STOCK, STOCK",https://www.meti.go.jp/shingikai/mono_info_service/disaster_toilet_popularization/pdf/001_04_00.pdf | https://www.bousai.go.jp/kyoiku/hokenkyousai/check.html,Shortlist: validate target region,10,2026-09-24
C029,Preparedness,Furniture anti-tip restraints,Public guidance/programme established; actual household or school uptake not measured here,Segment-specific hypothesis; adoption gap and search volume not measured,earthquake furniture anchor wall type,Pre-purchase or implementation comparison,Preparedness supplies / storage,Retail links possible; programme approval unverified,High: public agencies and retailers (editorial estimate; no keyword audit),Room risk inventory,Primary reference available; scope and missing evidence recorded,Medium to high: emergency needs vary,No anchor strength or structural safety certification,ANCHOR,https://www.tfd.metro.tokyo.lg.jp/lfe/bou_topic/kaguten/measures_house.html,Hold for topic-specific validation,,2026-09-24
C030,Preparedness,Earthquake-sensitive breakers,Public guidance/programme established; actual household or school uptake not measured here,Segment-specific hypothesis; adoption gap and search volume not measured,earthquake breaker retrofit,Readiness / implementation research,Preparedness supplies / storage,Retail links possible; programme approval unverified,High: public agencies and retailers (editorial estimate; no keyword audit),Electrician preparation checklist,Primary reference available; scope and missing evidence recorded,Medium to high: emergency needs vary,Electrical and life-safety work; priority reduced,BREAKER,https://www.bousai.go.jp/jishin/kanshin_breaker.html,Hold for topic-specific validation,,2026-09-24
C031,Preparedness,Household evacuation bags,Public guidance/programme established; actual household or school uptake not measured here,Segment-specific hypothesis; adoption gap and search volume not measured,emergency bag weight checklist,Pre-purchase or implementation comparison,Preparedness supplies / storage,Retail links possible; programme approval unverified,High: public agencies and retailers (editorial estimate; no keyword audit),Packing and weight worksheet,Primary reference available; scope and missing evidence recorded,Medium to high: emergency needs vary,Old checklist is context only; refresh with local authority,"GO_BAG, STOCK",https://www.bousai.go.jp/taisaku/hisaisyagyousei/youengosya/h20/pdf/bizen01.pdf | https://www.bousai.go.jp/kyoiku/hokenkyousai/check.html,Hold for topic-specific validation,,2026-09-24
C032,Preparedness,Battery emergency radio planning,Public guidance/programme established; actual household or school uptake not measured here,Segment-specific hypothesis; adoption gap and search volume not measured,emergency radio batteries runtime,Pre-purchase or implementation comparison,Preparedness supplies / storage,Retail links possible; programme approval unverified,High: public agencies and retailers (editorial estimate; no keyword audit),Battery inventory,Primary reference available; scope and missing evidence recorded,Medium to high: emergency needs vary,Radio standards and alert coverage vary,GO_BAG,https://www.bousai.go.jp/taisaku/hisaisyagyousei/youengosya/h20/pdf/bizen01.pdf,Hold for topic-specific validation,,2026-09-24
C033,Preparedness,No-cook outage meal planning,Public guidance/programme established; actual household or school uptake not measured here,Segment-specific hypothesis; adoption gap and search volume not measured,emergency food without cooking,Pre-purchase or implementation comparison,Preparedness supplies / storage,Retail links possible; programme approval unverified,High: public agencies and retailers (editorial estimate; no keyword audit),Shelf-stable menu coverage worksheet,Primary reference available; scope and missing evidence recorded,Medium to high: emergency needs vary,"Nutrition, allergies and food safety need individual attention","MAFF, STOCK",https://www.maff.go.jp/j/zyukyu/foodstock/chapter02.html | https://www.bousai.go.jp/kyoiku/hokenkyousai/check.html,Hold for topic-specific validation,,2026-09-24
C034,Preparedness,Apartment outage supply placement,Public guidance/programme established; actual household or school uptake not measured here,Segment-specific hypothesis; adoption gap and search volume not measured,store emergency water small apartment,Pre-purchase or implementation comparison,Preparedness supplies / storage,Retail links possible; programme approval unverified,High: public agencies and retailers (editorial estimate; no keyword audit),Space and weight inventory,Primary reference available; scope and missing evidence recorded,Medium to high: emergency needs vary,Floor loading and evacuation routes need local assessment,STOCK,https://www.bousai.go.jp/kyoiku/hokenkyousai/check.html,Hold for topic-specific validation,,2026-09-24
C035,Preparedness,Emergency lighting distribution,Public guidance/programme established; actual household or school uptake not measured here,Segment-specific hypothesis; adoption gap and search volume not measured,power outage flashlight for each room,Readiness / implementation research,Preparedness supplies / storage,Retail links possible; programme approval unverified,High: public agencies and retailers (editorial estimate; no keyword audit),Room and battery checklist,Primary reference available; scope and missing evidence recorded,Medium to high: emergency needs vary,Avoid treating consumer lights as code-compliant emergency lighting,GO_BAG,https://www.bousai.go.jp/taisaku/hisaisyagyousei/youengosya/h20/pdf/bizen01.pdf,Hold for topic-specific validation,,2026-09-24
C036,Delivery & logistics,Apartment parcel lockers,Catalogue/service confirmed; national uptake not established,Small apartment managers in US/UK/Australia: problem-led opportunity hypothesis; volumes not measured,how many parcel lockers for apartments,Pre-purchase or implementation comparison,Locker vendors / property services,Often B2B referral rather than retail; unverified,Medium: vendor tools and carrier guides (editorial estimate; no keyword audit),Capacity sensitivity estimator,Primary reference available; scope and missing evidence recorded,"Medium: access, fire routes and liability","Dwell time, peaks, sizes and courier participation","MLIT_DELIVERY, LOCKER_APT",https://www.mlit.go.jp/seisakutokatsu/freight/re_delivery_reduce.html | https://sumai.panasonic.jp/exterior/takuhai/combo_maison.html,Shortlist: validate target region,4,2026-09-24
C037,Delivery & logistics,Home parcel boxes,Catalogue/service confirmed; national uptake not established,Segment-specific hypothesis; adoption gap and search volume not measured,parcel delivery box size,Pre-purchase or implementation comparison,Locker vendors / property services,Often B2B referral rather than retail; unverified,Medium: vendor tools and carrier guides (editorial estimate; no keyword audit),Largest-parcel dimension checker,Primary reference available; scope and missing evidence recorded,"Medium: access, fire routes and liability",Theft resistance and courier acceptance not guaranteed,"LOCKER_HOME, MLIT_DELIVERY",https://sumai.panasonic.jp/exterior/takuhai/combo/combo.html | https://www.mlit.go.jp/seisakutokatsu/freight/re_delivery_reduce.html,Hold for topic-specific validation,,2026-09-24
C038,Delivery & logistics,Unattended delivery instructions,Catalogue/service confirmed; national uptake not established,Segment-specific hypothesis; adoption gap and search volume not measured,safe parcel drop off instructions,Readiness / implementation research,Locker vendors / property services,Often B2B referral rather than retail; unverified,Medium: vendor tools and carrier guides (editorial estimate; no keyword audit),Property permission checklist,Primary reference available; scope and missing evidence recorded,"Medium: access, fire routes and liability",Liability and weather protection vary,MLIT_DELIVERY,https://www.mlit.go.jp/seisakutokatsu/freight/re_delivery_reduce.html,Hold for topic-specific validation,,2026-09-24
C039,Delivery & logistics,Scheduled parcel receipt,Catalogue/service confirmed; national uptake not established,Segment-specific hypothesis; adoption gap and search volume not measured,parcel delivery time window planning,Pre-purchase or implementation comparison,Locker vendors / property services,Often B2B referral rather than retail; unverified,Medium: vendor tools and carrier guides (editorial estimate; no keyword audit),Household availability planner,Primary reference available; scope and missing evidence recorded,"Medium: access, fire routes and liability",Service windows cannot be transplanted between countries,YAMATO,https://www.kuronekoyamato.co.jp/ytc/customer/send/services/,Hold for topic-specific validation,,2026-09-24
C040,Delivery & logistics,Post-office parcel collection,Catalogue/service confirmed; national uptake not established,Segment-specific hypothesis; adoption gap and search volume not measured,parcel pickup post office alternative,Pre-purchase or implementation comparison,Locker vendors / property services,Often B2B referral rather than retail; unverified,Medium: vendor tools and carrier guides (editorial estimate; no keyword audit),Travel and opening-hours comparison,Primary reference available; scope and missing evidence recorded,"Medium: access, fire routes and liability",Local carrier eligibility,"JP_RECEIVE, JP_POST",https://www.post.japanpost.jp/service/ec_uketori-biz/ | https://www.post.japanpost.jp/service/,Hold for topic-specific validation,,2026-09-24
C041,Delivery & logistics,Convenience-store parcel collection,Catalogue/service confirmed; national uptake not established,Segment-specific hypothesis; adoption gap and search volume not measured,convenience store parcel pickup,Readiness / implementation research,Locker vendors / property services,Often B2B referral rather than retail; unverified,Medium: vendor tools and carrier guides (editorial estimate; no keyword audit),Collection route checklist,Primary reference available; scope and missing evidence recorded,"Medium: access, fire routes and liability",Confirm specific supported merchants and carrier,JP_RECEIVE,https://www.post.japanpost.jp/service/ec_uketori-biz/,Hold for topic-specific validation,,2026-09-24
C042,Delivery & logistics,Carrier pickup locations,Catalogue/service confirmed; national uptake not established,Segment-specific hypothesis; adoption gap and search volume not measured,collect parcel from delivery depot,Pre-purchase or implementation comparison,Locker vendors / property services,Often B2B referral rather than retail; unverified,Medium: vendor tools and carrier guides (editorial estimate; no keyword audit),Receipt option comparison,Primary reference available; scope and missing evidence recorded,"Medium: access, fire routes and liability",Identity and holding-time rules are operator-specific,YAMATO,https://www.kuronekoyamato.co.jp/ytc/customer/send/services/,Hold for topic-specific validation,,2026-09-24
C043,Delivery & logistics,Standard-size small parcel packaging,Catalogue/service confirmed; national uptake not established,Segment-specific hypothesis; adoption gap and search volume not measured,small parcel box dimensions,Pre-purchase or implementation comparison,Locker vendors / property services,Often B2B referral rather than retail; unverified,Medium: vendor tools and carrier guides (editorial estimate; no keyword audit),Fit and packing checker,Primary reference available; scope and missing evidence recorded,"Medium: access, fire routes and liability",Rates and eligibility vary; no live price claim,YAMATO_COMPACT,https://www.kuronekoyamato.co.jp/ytc/customer/send/services/compact/,Hold for topic-specific validation,,2026-09-24
C044,Delivery & logistics,Temperature-controlled parcel delivery,Catalogue/service confirmed; national uptake not established,Segment-specific hypothesis; adoption gap and search volume not measured,cold parcel shipping requirements,Readiness / implementation research,Locker vendors / property services,Often B2B referral rather than retail; unverified,Medium: vendor tools and carrier guides (editorial estimate; no keyword audit),Sender preparation checklist,Primary reference available; scope and missing evidence recorded,"Medium: access, fire routes and liability",Food safety and cold chain risk; lower priority,YAMATO_COOL,https://www.kuronekoyamato.co.jp/ytc/customer/send/services/cool/,Hold for topic-specific validation,,2026-09-24
C045,Delivery & logistics,Airport luggage forwarding,Catalogue/service confirmed; national uptake not established,Segment-specific hypothesis; adoption gap and search volume not measured,luggage delivery airport deadline,Readiness / implementation research,Locker vendors / property services,Often B2B referral rather than retail; unverified,Medium: vendor tools and carrier guides (editorial estimate; no keyword audit),Timing and destination checklist,Primary reference available; scope and missing evidence recorded,"Medium: access, fire routes and liability",Destination acceptance and cutoff dates,YAMATO,https://www.kuronekoyamato.co.jp/ytc/customer/send/services/,Hold for topic-specific validation,,2026-09-24
C046,Delivery & logistics,Sports equipment forwarding,Catalogue/service confirmed; national uptake not established,Segment-specific hypothesis; adoption gap and search volume not measured,ship ski golf bag to resort,Pre-purchase or implementation comparison,Locker vendors / property services,Often B2B referral rather than retail; unverified,Medium: vendor tools and carrier guides (editorial estimate; no keyword audit),Equipment-size and deadline worksheet,Primary reference available; scope and missing evidence recorded,"Medium: access, fire routes and liability",Transport insurance and destination rules; do not interpret contracts,YAMATO,https://www.kuronekoyamato.co.jp/ytc/customer/send/services/,Hold for topic-specific validation,,2026-09-24
C047,Delivery & logistics,Parcel return and dispatch boxes,Catalogue/service confirmed; national uptake not established,Segment-specific hypothesis; adoption gap and search volume not measured,parcel box return pickup,Readiness / implementation research,Locker vendors / property services,Often B2B referral rather than retail; unverified,Medium: vendor tools and carrier guides (editorial estimate; no keyword audit),Courier and lock-workflow checklist,Primary reference available; scope and missing evidence recorded,"Medium: access, fire routes and liability",Outbound collection support is model-specific,LOCKER_RANGE,https://sumai.panasonic.jp/exterior/takuhai/choose/,Hold for topic-specific validation,,2026-09-24
C048,Laundry,Dehumidifier-assisted indoor drying,Catalogue/service confirmed; national uptake not established,Damp-climate renters in UK/Ireland; other regions selectively: problem-led opportunity hypothesis; volumes not measured,dehumidifier laundry drying cost,Pre-purchase or implementation comparison,Appliances / drying hardware,Retail links possible; programme approval unverified,High: product comparison and retailer pages (editorial estimate; no keyword audit),Measured energy and room-readiness worksheet,Primary reference available; scope and missing evidence recorded,"Medium: mounting, heat and electricity","Humidity, temperature and airflow; no generic drying-time guarantee","LAUNDRY, ES_DEHUMID, MEACO",https://panasonic.jp/joshitsu/select.html | https://www.energystar.gov/products/dehumidifiers | https://www.meaco.com/products/meacodry-arete-two-25l-dual-dehumidifier-hepa-air-purifier,Shortlist: validate target region,5,2026-09-24
C049,Laundry,Ceiling laundry rods and lifts,Catalogue/service confirmed; national uptake not established,Segment-specific hypothesis; adoption gap and search volume not measured,ceiling drying rack load clearance,Pre-purchase or implementation comparison,Appliances / drying hardware,Retail links possible; programme approval unverified,High: product comparison and retailer pages (editorial estimate; no keyword audit),Reach and load inventory,Primary reference available; scope and missing evidence recorded,"Medium: mounting, heat and electricity",Fixing strength must be verified,DRY_HARDWARE,https://www.kawaguchigiken.co.jp/products/monohoshi/,Hold for topic-specific validation,,2026-09-24
C050,Laundry,Wall-mounted foldaway drying racks,Catalogue/service confirmed; national uptake not established,Segment-specific hypothesis; adoption gap and search volume not measured,folding indoor drying rack clearance,Pre-purchase or implementation comparison,Appliances / drying hardware,Retail links possible; programme approval unverified,High: product comparison and retailer pages (editorial estimate; no keyword audit),Open/closed dimension checker,Primary reference available; scope and missing evidence recorded,"Medium: mounting, heat and electricity",Wall substrate and escape paths,DRY_HARDWARE,https://www.kawaguchigiken.co.jp/products/monohoshi/,Hold for topic-specific validation,,2026-09-24
C051,Laundry,Retractable indoor clotheslines,Catalogue/service confirmed; national uptake not established,Segment-specific hypothesis; adoption gap and search volume not measured,indoor retractable clothesline length,Readiness / implementation research,Appliances / drying hardware,Retail links possible; programme approval unverified,High: product comparison and retailer pages (editorial estimate; no keyword audit),Span and placement checklist,Primary reference available; scope and missing evidence recorded,"Medium: mounting, heat and electricity",Load is model-specific; child safety,DRY_HARDWARE,https://www.kawaguchigiken.co.jp/products/monohoshi/,Hold for topic-specific validation,,2026-09-24
C052,Laundry,Futon drying appliances,Catalogue/service confirmed; national uptake not established,Segment-specific hypothesis; adoption gap and search volume not measured,futon dryer bedding compatibility,Readiness / implementation research,Appliances / drying hardware,Retail links possible; programme approval unverified,High: product comparison and retailer pages (editorial estimate; no keyword audit),Material and voltage checklist,Primary reference available; scope and missing evidence recorded,"Medium: mounting, heat and electricity",No allergy or disinfection benefit asserted,FUTON,https://www.irisohyama.co.jp/kararie/futon/,Hold for topic-specific validation,,2026-09-24
C053,Laundry,Bedding vacuum cleaners,Catalogue/service confirmed; national uptake not established,Segment-specific hypothesis; adoption gap and search volume not measured,futon vacuum maintenance,Pre-purchase or implementation comparison,Appliances / drying hardware,Retail links possible; programme approval unverified,High: product comparison and retailer pages (editorial estimate; no keyword audit),Filter and maintenance comparison,Primary reference available; scope and missing evidence recorded,"Medium: mounting, heat and electricity",Health claims need independent evidence; defer recommendations,FUTON_VAC,https://www.irisohyama.co.jp/products/electrical-appliances/home-appliances/vacuum-cleaner/cleaner-futon/cleaner-bed-with-cord-fca13,Hold for topic-specific validation,,2026-09-24
C054,Laundry,Shoe drying appliances,Catalogue/service confirmed; national uptake not established,Segment-specific hypothesis; adoption gap and search volume not measured,shoe dryer material compatibility,Readiness / implementation research,Appliances / drying hardware,Retail links possible; programme approval unverified,High: product comparison and retailer pages (editorial estimate; no keyword audit),Care-label checklist,Primary reference available; scope and missing evidence recorded,"Medium: mounting, heat and electricity",Heat-sensitive adhesives and fabrics,FUTON,https://www.irisohyama.co.jp/kararie/futon/,Hold for topic-specific validation,,2026-09-24
C055,Laundry,Heat-pump washer dryers,Established industry/history evidence; no unverified household penetration figure,Segment-specific hypothesis; adoption gap and search volume not measured,washer dryer installation dimensions,Pre-purchase or implementation comparison,Appliances / drying hardware,Retail links possible; programme approval unverified,High: product comparison and retailer pages (editorial estimate; no keyword audit),Doorway and service-space checker,Primary reference available; scope and missing evidence recorded,"Medium: mounting, heat and electricity","Power, drainage, capacity and drying test conditions","WASHER, JEMA",https://panasonic.jp/wash/comparison.html | https://www.jema-net.or.jp/stat/evefa20000004jb4-att/2512ds-comment.pdf,Hold for topic-specific validation,,2026-09-24
C056,Laundry,Automatic laundry detergent dosing,Catalogue/service confirmed; national uptake not established,Segment-specific hypothesis; adoption gap and search volume not measured,auto dosing washer detergent concentration,Pre-purchase or implementation comparison,Appliances / drying hardware,Retail links possible; programme approval unverified,High: product comparison and retailer pages (editorial estimate; no keyword audit),Dose conversion worksheet,Primary reference available; scope and missing evidence recorded,"Medium: mounting, heat and electricity",Detergent compatibility and cleaning requirements,WASHER,https://panasonic.jp/wash/comparison.html,Hold for topic-specific validation,,2026-09-24
C057,Kitchen & food storage,Compact rice cookers,Established industry/history evidence; no unverified household penetration figure,US/Canada small households: problem-led opportunity hypothesis; volumes not measured,3 cup rice cooker size servings,Pre-purchase or implementation comparison,Appliances / containers,Retail links possible; programme approval unverified,High: major retailers and recipe sites (editorial estimate; no keyword audit),Rice-cup and batch planner,Primary reference available; scope and missing evidence recorded,"Medium: hot food, electricity and food safety",Rice cup versus US cup; overseas models already established,"RICE, JEMA",https://www.zojirushi.com/app/product/nslgc | https://www.jema-net.or.jp/stat/evefa20000004jb4-att/2512ds-comment.pdf,Shortlist: validate target region,6,2026-09-24
C058,Kitchen & food storage,Vacuum-insulated thermal cookers,Catalogue/service confirmed; national uptake not established,Segment-specific hypothesis; adoption gap and search volume not measured,thermal cooker pot capacity,Readiness / implementation research,Appliances / containers,Retail links possible; programme approval unverified,High: major retailers and recipe sites (editorial estimate; no keyword audit),Capacity and recipe checklist,Primary reference available; scope and missing evidence recorded,"Medium: hot food, electricity and food safety",Food safety needs manufacturer time-temperature rules,THERMAL_COOK,https://www.thermos.jp/product/series/kbg-00.html,Hold for topic-specific validation,,2026-09-24
C059,Kitchen & food storage,Portioned rice freezing containers,Catalogue/service confirmed; national uptake not established,Segment-specific hypothesis; adoption gap and search volume not measured,rice freezer containers portions,Pre-purchase or implementation comparison,Appliances / containers,Retail links possible; programme approval unverified,High: major retailers and recipe sites (editorial estimate; no keyword audit),Batch and freezer-space planner,Primary reference available; scope and missing evidence recorded,"Medium: hot food, electricity and food safety",No unsupported safe storage-duration claim,RICE_FREEZE,https://www.asahi-kasei.co.jp/saran/products/ziploc/container_gohan.html,Hold for topic-specific validation,,2026-09-24
C060,Kitchen & food storage,Dry-food storage containers,Catalogue/service confirmed; national uptake not established,Segment-specific hypothesis; adoption gap and search volume not measured,airtight pantry containers shelf fit,Pre-purchase or implementation comparison,Appliances / containers,Retail links possible; programme approval unverified,High: major retailers and recipe sites (editorial estimate; no keyword audit),Shelf dimension checker,Primary reference available; scope and missing evidence recorded,"Medium: hot food, electricity and food safety",Food compatibility and seal maintenance,MARNA,https://marna.jp/shop/c/ccontainer/,Hold for topic-specific validation,,2026-09-24
C061,Kitchen & food storage,Insulated lunch boxes,Catalogue/service confirmed; national uptake not established,Segment-specific hypothesis; adoption gap and search volume not measured,insulated bento lunch box capacity,Pre-purchase or implementation comparison,Appliances / containers,Retail links possible; programme approval unverified,High: major retailers and recipe sites (editorial estimate; no keyword audit),Portion and bag-fit worksheet,Primary reference available; scope and missing evidence recorded,"Medium: hot food, electricity and food safety",Holding time is not guaranteed food safety,ZO_BENTO,https://www.zojirushi.co.jp/syohin/bento/,Hold for topic-specific validation,,2026-09-24
C062,Kitchen & food storage,Vacuum food jars,Catalogue/service confirmed; national uptake not established,Segment-specific hypothesis; adoption gap and search volume not measured,soup jar capacity cleaning,Pre-purchase or implementation comparison,Appliances / containers,Retail links possible; programme approval unverified,High: major retailers and recipe sites (editorial estimate; no keyword audit),Opening and cleaning comparison,Primary reference available; scope and missing evidence recorded,"Medium: hot food, electricity and food safety",Thermal performance depends on food and preparation,ZO_PRODUCTS,https://www.zojirushi.co.jp/syohin/,Hold for topic-specific validation,,2026-09-24
C063,Kitchen & food storage,Drawer dishwashers,Catalogue/service confirmed; national uptake not established,Segment-specific hypothesis; adoption gap and search volume not measured,drawer dishwasher cabinet dimensions,Pre-purchase or implementation comparison,Appliances / containers,Retail links possible; programme approval unverified,High: major retailers and recipe sites (editorial estimate; no keyword audit),Retrofit measurements,Primary reference available; scope and missing evidence recorded,"Medium: hot food, electricity and food safety","Plumbing, electrical and cabinet access",DISHWASHER,https://sumai.panasonic.jp/dishwasher/m9series/,Hold for topic-specific validation,,2026-09-24
C064,Kitchen & food storage,Narrow built-in dishwashers,Catalogue/service confirmed; national uptake not established,Segment-specific hypothesis; adoption gap and search volume not measured,45 cm dishwasher fit,Pre-purchase or implementation comparison,Appliances / containers,Retail links possible; programme approval unverified,High: major retailers and recipe sites (editorial estimate; no keyword audit),Cabinet and door-swing checker,Primary reference available; scope and missing evidence recorded,"Medium: hot food, electricity and food safety",Widely available outside Japan; regional dimensions,DISH45,https://sumai.panasonic.jp/dishwasher/products/front-open-45ef1w/,Hold for topic-specific validation,,2026-09-24
C065,Kitchen & food storage,Rice cooker keep-warm routines,Catalogue/service confirmed; national uptake not established,Segment-specific hypothesis; adoption gap and search volume not measured,rice cooker keep warm electricity,Pre-purchase or implementation comparison,Appliances / containers,Retail links possible; programme approval unverified,High: major retailers and recipe sites (editorial estimate; no keyword audit),Measured energy comparison,Primary reference available; scope and missing evidence recorded,"Medium: hot food, electricity and food safety",Separate energy planning from food safety,KITCHEN_ENERGY,https://www.enecho.meti.go.jp/category/saving_and_new/saving/general/howto/kitchen/index.html,Hold for topic-specific validation,,2026-09-24
C066,Kitchen & food storage,Electric tabletop cooking appliances,Catalogue/service confirmed; national uptake not established,Segment-specific hypothesis; adoption gap and search volume not measured,electric hot plate table clearance,Readiness / implementation research,Appliances / containers,Retail links possible; programme approval unverified,High: major retailers and recipe sites (editorial estimate; no keyword audit),Circuit and space checklist,Primary reference available; scope and missing evidence recorded,"Medium: hot food, electricity and food safety","Burns, children and cable routing",ZO_PRODUCTS,https://www.zojirushi.co.jp/syohin/,Hold for topic-specific validation,,2026-09-24
C067,Kitchen & food storage,Home bread-making appliances,Catalogue/service confirmed; national uptake not established,Segment-specific hypothesis; adoption gap and search volume not measured,bread maker loaf size kitchen space,Pre-purchase or implementation comparison,Appliances / containers,Retail links possible; programme approval unverified,High: major retailers and recipe sites (editorial estimate; no keyword audit),Batch and counter-space comparison,Primary reference available; scope and missing evidence recorded,"Medium: hot food, electricity and food safety",Mature global category; weak Japan-specific advantage,ZO_PRODUCTS,https://www.zojirushi.co.jp/syohin/,Hold for topic-specific validation,,2026-09-24
C068,Kitchen & food storage,Insulated reusable drink bottles,Catalogue/service confirmed; national uptake not established,Segment-specific hypothesis; adoption gap and search volume not measured,vacuum bottle size replacement seals,Readiness / implementation research,Appliances / containers,Retail links possible; programme approval unverified,High: major retailers and recipe sites (editorial estimate; no keyword audit),Fit and maintenance checklist,Primary reference available; scope and missing evidence recorded,"Medium: hot food, electricity and food safety",Highly competitive global category,ZO_PRODUCTS,https://www.zojirushi.co.jp/syohin/,Hold for topic-specific validation,,2026-09-24
C069,Space & interiors,Modular storage dimensions,Catalogue/service confirmed; national uptake not established,Small urban homes across English-language markets: problem-led opportunity hypothesis; volumes not measured,storage box shelf dimension calculator,Pre-purchase or implementation comparison,Furniture / storage / renovation,Retail links possible; installer programmes unverified,High: retailers and interior publishers (editorial estimate; no keyword audit),Box nesting and clearance checker,Primary reference available; scope and missing evidence recorded,"Medium: loads, mounting and circulation",Not an undiscovered overseas market; distinguish nominal from usable size,"MUJI, MUJI_GLOBAL",https://www.muji.com/hk-en/campaign/20SS_storage/size.html | https://www.muji.com/sg/feature/organise/,Shortlist: validate target region,7,2026-09-24
C070,Space & interiors,Entryway shoe storage,Catalogue/service confirmed; national uptake not established,Segment-specific hypothesis; adoption gap and search volume not measured,small entryway shoe cabinet dimensions,Pre-purchase or implementation comparison,Furniture / storage / renovation,Retail links possible; installer programmes unverified,High: retailers and interior publishers (editorial estimate; no keyword audit),Capacity and circulation worksheet,Primary reference available; scope and missing evidence recorded,"Medium: loads, mounting and circulation","Ventilation, access and tip-over safety",INTERIOR,https://sumai.panasonic.jp/housing-biz/interior/,Hold for topic-specific validation,,2026-09-24
C071,Space & interiors,Underfloor storage hatches,Catalogue/service confirmed; national uptake not established,Segment-specific hypothesis; adoption gap and search volume not measured,underfloor storage access hatch,Readiness / implementation research,Furniture / storage / renovation,Retail links possible; installer programmes unverified,High: retailers and interior publishers (editorial estimate; no keyword audit),Use-case and inspection checklist,Primary reference available; scope and missing evidence recorded,"Medium: loads, mounting and circulation","Moisture, structure, utilities and pests; professional review",INTERIOR,https://sumai.panasonic.jp/housing-biz/interior/,Hold for topic-specific validation,,2026-09-24
C072,Space & interiors,Raised tatami storage,Catalogue/service confirmed; national uptake not established,Segment-specific hypothesis; adoption gap and search volume not measured,tatami platform storage room layout,Pre-purchase or implementation comparison,Furniture / storage / renovation,Retail links possible; installer programmes unverified,High: retailers and interior publishers (editorial estimate; no keyword audit),Footprint and access planner,Primary reference available; scope and missing evidence recorded,"Medium: loads, mounting and circulation","Load, fall edges and moisture",TATAMI,https://sumai.panasonic.jp/interior/miriyo/tatamigaoka/concept/,Hold for topic-specific validation,,2026-09-24
C073,Space & interiors,Loft access ladders,Catalogue/service confirmed; national uptake not established,Segment-specific hypothesis; adoption gap and search volume not measured,loft ladder clearance footprint,Pre-purchase or implementation comparison,Furniture / storage / renovation,Retail links possible; installer programmes unverified,High: retailers and interior publishers (editorial estimate; no keyword audit),Survey sheet,Primary reference available; scope and missing evidence recorded,"Medium: loads, mounting and circulation",Fall and egress risk; no installation instructions,INTERIOR,https://sumai.panasonic.jp/housing-biz/interior/,Hold for topic-specific validation,,2026-09-24
C074,Space & interiors,Sliding room partitions,Catalogue/service confirmed; national uptake not established,Segment-specific hypothesis; adoption gap and search volume not measured,sliding partition space clearance,Pre-purchase or implementation comparison,Furniture / storage / renovation,Retail links possible; installer programmes unverified,High: retailers and interior publishers (editorial estimate; no keyword audit),Opening-envelope comparison,Primary reference available; scope and missing evidence recorded,"Medium: loads, mounting and circulation","Fire, acoustic and structural requirements",INTERIOR,https://sumai.panasonic.jp/housing-biz/interior/,Hold for topic-specific validation,,2026-09-24
C075,Space & interiors,Interior borrowed-light windows,Catalogue/service confirmed; national uptake not established,Segment-specific hypothesis; adoption gap and search volume not measured,interior window daylight privacy,Pre-purchase or implementation comparison,Furniture / storage / renovation,Retail links possible; installer programmes unverified,High: retailers and interior publishers (editorial estimate; no keyword audit),Location and privacy matrix,Primary reference available; scope and missing evidence recorded,"Medium: loads, mounting and circulation",No daylight-performance promise; structure and fire rules,INTERIOR,https://sumai.panasonic.jp/housing-biz/interior/,Hold for topic-specific validation,,2026-09-24
C076,Space & interiors,Wall-mounted utility shelves,Catalogue/service confirmed; national uptake not established,Segment-specific hypothesis; adoption gap and search volume not measured,utility room wall shelf depth,Pre-purchase or implementation comparison,Furniture / storage / renovation,Retail links possible; installer programmes unverified,High: retailers and interior publishers (editorial estimate; no keyword audit),Storage and obstruction checker,Primary reference available; scope and missing evidence recorded,"Medium: loads, mounting and circulation",Fasteners and wall loading require assessment,INTERIOR,https://sumai.panasonic.jp/housing-biz/interior/,Hold for topic-specific validation,,2026-09-24
C077,Space & interiors,Compact work counters,Catalogue/service confirmed; national uptake not established,Segment-specific hypothesis; adoption gap and search volume not measured,small home work counter depth,Pre-purchase or implementation comparison,Furniture / storage / renovation,Retail links possible; installer programmes unverified,High: retailers and interior publishers (editorial estimate; no keyword audit),Desk and chair-clearance worksheet,Primary reference available; scope and missing evidence recorded,"Medium: loads, mounting and circulation",Ergonomics vary; no medical claims,INTERIOR,https://sumai.panasonic.jp/housing-biz/interior/,Hold for topic-specific validation,,2026-09-24
C078,Space & interiors,Wall-panel renovation systems,Catalogue/service confirmed; national uptake not established,Segment-specific hypothesis; adoption gap and search volume not measured,interior wall panel retrofit,Readiness / implementation research,Furniture / storage / renovation,Retail links possible; installer programmes unverified,High: retailers and interior publishers (editorial estimate; no keyword audit),Substrate and maintenance checklist,Primary reference available; scope and missing evidence recorded,"Medium: loads, mounting and circulation","Moisture, fire rating and emissions certification",INTERIOR,https://sumai.panasonic.jp/housing-biz/interior/,Hold for topic-specific validation,,2026-09-24
C079,Space & interiors,Reconfigurable room storage units,Catalogue/service confirmed; national uptake not established,Segment-specific hypothesis; adoption gap and search volume not measured,modular furniture move house,Pre-purchase or implementation comparison,Furniture / storage / renovation,Retail links possible; installer programmes unverified,High: retailers and interior publishers (editorial estimate; no keyword audit),Module inventory and reuse planner,Primary reference available; scope and missing evidence recorded,"Medium: loads, mounting and circulation",Long-term component availability unverified,"MUJI, INTERIOR",https://www.muji.com/hk-en/campaign/20SS_storage/size.html | https://sumai.panasonic.jp/housing-biz/interior/,Hold for topic-specific validation,,2026-09-24
C080,Space & interiors,Floor-level sitting layouts,Catalogue/service confirmed; national uptake not established,Segment-specific hypothesis; adoption gap and search volume not measured,floor seating room storage layout,Pre-purchase or implementation comparison,Furniture / storage / renovation,Retail links possible; installer programmes unverified,High: retailers and interior publishers (editorial estimate; no keyword audit),Furniture footprint comparison,Primary reference available; scope and missing evidence recorded,"Medium: loads, mounting and circulation",Accessibility and personal comfort; not suitable for everyone,"TATAMI, INTERIOR",https://sumai.panasonic.jp/interior/miriyo/tatamigaoka/concept/ | https://sumai.panasonic.jp/housing-biz/interior/,Hold for topic-specific validation,,2026-09-24
C081,Mobility & parking,Utility electric-assist bicycles,Established industry/history evidence; no unverified household penetration figure,Segment-specific hypothesis; adoption gap and search volume not measured,electric commuter bike range cargo,Readiness / implementation research,Bicycle retailers / infrastructure vendors,Bikes possible; infrastructure referrals unverified,High: specialist retailers and operators (editorial estimate; no keyword audit),Route and charging checklist,Primary reference available; scope and missing evidence recorded,"High: road, child and mechanical safety",Local speed/power rules; range not guaranteed,"BIKE_STATS, YAMAHA",https://jbpi.or.jp/business/statistics/production/electric/ | https://www.yamaha-motor.co.jp/pas/lineup/,Hold for topic-specific validation,,2026-09-24
C082,Mobility & parking,Child-carrying electric bicycles,Catalogue/service confirmed; national uptake not established,Segment-specific hypothesis; adoption gap and search volume not measured,child seat electric bike compatibility,Readiness / implementation research,Bicycle retailers / infrastructure vendors,Bikes possible; infrastructure referrals unverified,High: specialist retailers and operators (editorial estimate; no keyword audit),Manufacturer-document checklist,Primary reference available; scope and missing evidence recorded,"High: road, child and mechanical safety",High safety exposure; no universal child-seat pass,"BIKE_CHILD, YAMAHA",https://www.yamaha-motor.co.jp/pas/children/safe-usage/ | https://www.yamaha-motor.co.jp/pas/lineup/,Hold for topic-specific validation,,2026-09-24
C083,Mobility & parking,Small-wheel urban electric bicycles,Catalogue/service confirmed; national uptake not established,Segment-specific hypothesis; adoption gap and search volume not measured,small wheel e bike storage dimensions,Pre-purchase or implementation comparison,Bicycle retailers / infrastructure vendors,Bikes possible; infrastructure referrals unverified,High: specialist retailers and operators (editorial estimate; no keyword audit),Lift and parking-space checker,Primary reference available; scope and missing evidence recorded,"High: road, child and mechanical safety",Handling and load limits vary,YAMAHA,https://www.yamaha-motor.co.jp/pas/lineup/,Hold for topic-specific validation,,2026-09-24
C084,Mobility & parking,Cycle battery replacement planning,Catalogue/service confirmed; national uptake not established,Segment-specific hypothesis; adoption gap and search volume not measured,e bike replacement battery compatibility,Readiness / implementation research,Bicycle retailers / infrastructure vendors,Bikes possible; infrastructure referrals unverified,High: specialist retailers and operators (editorial estimate; no keyword audit),Model identifier checklist,Primary reference available; scope and missing evidence recorded,"High: road, child and mechanical safety",Official battery only; no battery modification guidance,YAMAHA,https://www.yamaha-motor.co.jp/pas/lineup/,Hold for topic-specific validation,,2026-09-24
C085,Mobility & parking,Automated underground cycle parking,Specialty/pilot or limited application; does not meet a blanket everyday-adoption claim,Segment-specific hypothesis; adoption gap and search volume not measured,automated bicycle parking dimensions,Pre-purchase or implementation comparison,Bicycle retailers / infrastructure vendors,Bikes possible; infrastructure referrals unverified,High: specialist retailers and operators (editorial estimate; no keyword audit),Site feasibility questions,Primary reference available; scope and missing evidence recorded,"High: road, child and mechanical safety",Specialty capital project; not broadly adopted everywhere,BIKE_PARK,https://www.giken.com/ja/products/eco_cycle/,Hold for topic-specific validation,,2026-09-24
C086,Mobility & parking,Relocatable automated cycle parking,Specialty/pilot or limited application; does not meet a blanket everyday-adoption claim,Segment-specific hypothesis; adoption gap and search volume not measured,temporary automated bicycle parking,Pre-purchase or implementation comparison,Bicycle retailers / infrastructure vendors,Bikes possible; infrastructure referrals unverified,High: specialist retailers and operators (editorial estimate; no keyword audit),Operator requirements matrix,Primary reference available; scope and missing evidence recorded,"High: road, child and mechanical safety",Separate product evidence and engineering needed,BIKE_PARK,https://www.giken.com/ja/products/eco_cycle/,Hold for topic-specific validation,,2026-09-24
C087,Mobility & parking,Mechanical car parking fit,Catalogue/service confirmed; national uptake not established,Segment-specific hypothesis; adoption gap and search volume not measured,mechanical parking car height weight,Pre-purchase or implementation comparison,Bicycle retailers / infrastructure vendors,Bikes possible; infrastructure referrals unverified,High: specialist retailers and operators (editorial estimate; no keyword audit),Vehicle-spec collection sheet,Primary reference available; scope and missing evidence recorded,"High: road, child and mechanical safety",Never output safe-to-park verdict; operator limit controls,CAR_PARK,https://www.mlit.go.jp/toshi/toshi_gairo_tk_000038.html,Hold for topic-specific validation,,2026-09-24
C088,Mobility & parking,Mechanical parking operations,Catalogue/service confirmed; national uptake not established,Segment-specific hypothesis; adoption gap and search volume not measured,apartment mechanical parking maintenance,Pre-purchase or implementation comparison,Bicycle retailers / infrastructure vendors,Bikes possible; infrastructure referrals unverified,High: specialist retailers and operators (editorial estimate; no keyword audit),Contractor question list,Primary reference available; scope and missing evidence recorded,"High: road, child and mechanical safety",Life safety and legal contracts; low editorial priority,CAR_PARK,https://www.mlit.go.jp/toshi/toshi_gairo_tk_000038.html,Hold for topic-specific validation,,2026-09-24
C089,Ageing & accessibility,Freestanding support rails,Catalogue/service confirmed; national uptake not established,Segment-specific hypothesis; adoption gap and search volume not measured,freestanding support rail room fit,Pre-purchase or implementation comparison,Specialist equipment providers,Possible but suitability risk is high,High: specialist providers (editorial estimate; no keyword audit),Professional consultation worksheet,Primary reference available; scope and missing evidence recorded,"High: falls, medical-adjacent and privacy","Fall risk; assessment required, no suitability verdict",CARE,https://sumai.panasonic.jp/agefree/products/mobility/smoody/lineup-n.html,Hold for topic-specific validation,,2026-09-24
C090,Ageing & accessibility,Toilet grab rail retrofits,Catalogue/service confirmed; national uptake not established,Segment-specific hypothesis; adoption gap and search volume not measured,toilet grab rail installation measurements,Pre-purchase or implementation comparison,Specialist equipment providers,Possible but suitability risk is high,High: specialist providers (editorial estimate; no keyword audit),Installer survey sheet,Primary reference available; scope and missing evidence recorded,"High: falls, medical-adjacent and privacy","Structure, user needs and local standards",CARE_TOILET,https://sumai.panasonic.jp/agefree/shop/reform/toilet/,Hold for topic-specific validation,,2026-09-24
C091,Ageing & accessibility,Accessible sliding toilet doors,Catalogue/service confirmed; national uptake not established,Segment-specific hypothesis; adoption gap and search volume not measured,sliding toilet door wheelchair space,Pre-purchase or implementation comparison,Specialist equipment providers,Possible but suitability risk is high,High: specialist providers (editorial estimate; no keyword audit),Dimension recording sheet,Primary reference available; scope and missing evidence recorded,"High: falls, medical-adjacent and privacy",No automatic accessibility compliance claim,CARE_TOILET,https://sumai.panasonic.jp/agefree/shop/reform/toilet/,Hold for topic-specific validation,,2026-09-24
C092,Ageing & accessibility,Appliance-use activity monitoring,Specialty/pilot or limited application; does not meet a blanket everyday-adoption claim,Segment-specific hypothesis; adoption gap and search volume not measured,elderly kettle activity monitor privacy,Readiness / implementation research,Specialist equipment providers,Possible but suitability risk is high,High: specialist providers (editorial estimate; no keyword audit),Consent and reliability checklist,Primary reference available; scope and missing evidence recorded,"High: falls, medical-adjacent and privacy",Not emergency detection; subscription and privacy constraints,MIMAMORI,https://www.zojirushi.co.jp/corp/sustainable-action/mimamori.html,Hold for topic-specific validation,,2026-09-24
C093,Ageing & accessibility,Simplified restroom controls,Catalogue/service confirmed; national uptake not established,Segment-specific hypothesis; adoption gap and search volume not measured,easy to read bidet controls,Pre-purchase or implementation comparison,Specialist equipment providers,Possible but suitability risk is high,High: specialist providers (editorial estimate; no keyword audit),Control-label comparison,Primary reference available; scope and missing evidence recorded,"High: falls, medical-adjacent and privacy",Individual ability and accessibility standards,TOTO_PUBLIC,https://jp.toto.com/products/public/publicrestroomitems/,Hold for topic-specific validation,,2026-09-24
C094,Ageing & accessibility,Bathroom access renovation,Catalogue/service confirmed; national uptake not established,Segment-specific hypothesis; adoption gap and search volume not measured,bathroom renovation accessibility checklist,Pre-purchase or implementation comparison,Specialist equipment providers,Possible but suitability risk is high,High: specialist providers (editorial estimate; no keyword audit),Professional brief template,Primary reference available; scope and missing evidence recorded,"High: falls, medical-adjacent and privacy",High harm risk; topic-specific evidence still needed,"BATH, CARE_TOILET",https://sumai.panasonic.jp/bathroom/bevas/base_plan/ | https://sumai.panasonic.jp/agefree/shop/reform/toilet/,Hold for topic-specific validation,,2026-09-24
C095,School & shared routines,Student-led classroom cleaning routines,Public guidance/programme established; actual household or school uptake not measured here,Segment-specific hypothesis; adoption gap and search volume not measured,school classroom cleaning rotation,Pre-purchase or implementation comparison,Educational supplies; uncertain fit,Limited and unverified,Medium: free teacher resources (editorial estimate; no keyword audit),Age-appropriate duty rota,Primary reference available; scope and missing evidence recorded,Medium to high: children and hygiene,Programme context only; safeguarding and hygiene oversight,JICA,https://www.jica.go.jp/english/overseas/egypt/activities/activity12.html,Hold for topic-specific validation,,2026-09-24
C096,School & shared routines,Classroom meeting routines,Public guidance/programme established; actual household or school uptake not measured here,Segment-specific hypothesis; adoption gap and search volume not measured,classroom meeting agenda students,Pre-purchase or implementation comparison,Educational supplies; uncertain fit,Limited and unverified,Medium: free teacher resources (editorial estimate; no keyword audit),Meeting agenda template,Primary reference available; scope and missing evidence recorded,Medium to high: children and hygiene,Adapt pedagogy locally; commercial value uncertain,JICA,https://www.jica.go.jp/english/overseas/egypt/activities/activity12.html,Hold for topic-specific validation,,2026-09-24
C097,School & shared routines,Rotating classroom responsibilities,Public guidance/programme established; actual household or school uptake not measured here,Segment-specific hypothesis; adoption gap and search volume not measured,classroom job rotation planner,Pre-purchase or implementation comparison,Educational supplies; uncertain fit,Limited and unverified,Medium: free teacher resources (editorial estimate; no keyword audit),Fair rotation scheduler,Primary reference available; scope and missing evidence recorded,Medium to high: children and hygiene,JICA programme context; exact practice needs school sources,JICA,https://www.jica.go.jp/english/overseas/egypt/activities/activity12.html,Hold for topic-specific validation,,2026-09-24
C098,School & shared routines,School shared hygiene checklists,Public guidance/programme established; actual household or school uptake not measured here,Segment-specific hypothesis; adoption gap and search volume not measured,school shared supplies hygiene checklist,Pre-purchase or implementation comparison,Educational supplies; uncertain fit,Limited and unverified,Medium: free teacher resources (editorial estimate; no keyword audit),Supply inventory,Primary reference available; scope and missing evidence recorded,Medium to high: children and hygiene,Public health guidance is local; lower priority,SCHOOL,https://www.mext.go.jp/a_menu/kenko/hoken/1353625.htm,Hold for topic-specific validation,,2026-09-24
C099,School & shared routines,School lunch service workflow,Public guidance/programme established; actual household or school uptake not measured here,Segment-specific hypothesis; adoption gap and search volume not measured,school lunch service checklist,Readiness / implementation research,Educational supplies; uncertain fit,Limited and unverified,Medium: free teacher resources (editorial estimate; no keyword audit),Non-food-safety logistics checklist,Primary reference available; scope and missing evidence recorded,Medium to high: children and hygiene,Allergies and food safety need qualified oversight,SCHOOL_FOOD,https://www.mext.go.jp/a_menu/sports/syokuiku/08040316.htm,Hold for topic-specific validation,,2026-09-24
C100,Retail & urban services,Restaurant meal-ticket vending,Catalogue/service confirmed; national uptake not established,Segment-specific hypothesis; adoption gap and search volume not measured,restaurant ticket vending workflow,Pre-purchase or implementation comparison,Commercial systems vendors,"B2B referral potential, unverified",High: established platform vendors (editorial estimate; no keyword audit),Queue observation worksheet,Primary reference available; scope and missing evidence recorded,"Medium: payments, privacy and access","Payment systems, accessibility and service culture",GLORY_TICKET,https://www.glory.co.jp/product/category_detail/contents_type%3D25,Hold for topic-specific validation,,2026-09-24
C101,Retail & urban services,Self-ordering kiosks,Catalogue/service confirmed; national uptake not established,Segment-specific hypothesis; adoption gap and search volume not measured,self order kiosk small restaurant,Pre-purchase or implementation comparison,Commercial systems vendors,"B2B referral potential, unverified",High: established platform vendors (editorial estimate; no keyword audit),Workflow and footprint matrix,Primary reference available; scope and missing evidence recorded,"Medium: payments, privacy and access",Strong established global competitors,GLORY_TICKET,https://www.glory.co.jp/product/category_detail/contents_type%3D25,Hold for topic-specific validation,,2026-09-24
C102,Retail & urban services,Automatic cash recyclers,Catalogue/service confirmed; national uptake not established,Segment-specific hypothesis; adoption gap and search volume not measured,cash recycler small business time saving,Pre-purchase or implementation comparison,Commercial systems vendors,"B2B referral potential, unverified",High: established platform vendors (editorial estimate; no keyword audit),Observed transaction-time comparison,Primary reference available; scope and missing evidence recorded,"Medium: payments, privacy and access",Use actual business data; no guaranteed return,GLORY_CASH,https://www.glory.co.jp/tsurisenki/products/380/,Hold for topic-specific validation,,2026-09-24
C103,Retail & urban services,Shared key-management lockers,Catalogue/service confirmed; national uptake not established,Segment-specific hypothesis; adoption gap and search volume not measured,electronic key cabinet audit trail,Pre-purchase or implementation comparison,Commercial systems vendors,"B2B referral potential, unverified",High: established platform vendors (editorial estimate; no keyword audit),Access and retention requirements,Primary reference available; scope and missing evidence recorded,"Medium: payments, privacy and access","Privacy, access control and security assessment",GLORY_KEYS,https://www.glory.co.jp/product/bcategory/sc/,Hold for topic-specific validation,,2026-09-24
C104,Retail & urban services,Convenience-store document printing,Catalogue/service confirmed; national uptake not established,Segment-specific hypothesis; adoption gap and search volume not measured,print documents without home printer,Pre-purchase or implementation comparison,Commercial systems vendors,"B2B referral potential, unverified",High: established platform vendors (editorial estimate; no keyword audit),Trip and print-volume comparison,Primary reference available; scope and missing evidence recorded,"Medium: payments, privacy and access","Provider coverage, document privacy and local pricing",SEVEN_PRINT,https://www.sej.co.jp/services/multicopy/,Hold for topic-specific validation,,2026-09-24
C105,Retail & urban services,Retail document-service counters,Catalogue/service confirmed; national uptake not established,Segment-specific hypothesis; adoption gap and search volume not measured,shared public printer privacy checklist,Readiness / implementation research,Commercial systems vendors,"B2B referral potential, unverified",High: established platform vendors (editorial estimate; no keyword audit),File removal checklist,Primary reference available; scope and missing evidence recorded,"Medium: payments, privacy and access",Identity/certificate services excluded; high competition,SEVEN_PRINT,https://www.sej.co.jp/services/multicopy/,Hold for topic-specific validation,,2026-09-24
C106,Refill & resource use,Refill pouch household products,Catalogue/service confirmed; national uptake not established,Markets with locally stocked refill products: problem-led opportunity hypothesis; volumes not measured,refill pouch vs bottle cost per use,Pre-purchase or implementation comparison,Household goods / dispensers,Retail links possible; programme approval unverified,High: supermarkets and household brands (editorial estimate; no keyword audit),Unit-price and usable-volume calculator,Primary reference available; scope and missing evidence recorded,"Low to medium: dosing, materials and hygiene",No automatic environmental benefit; packaging and disposal differ,KAO_REFILL,https://www.kao.com/global/en/sustainability/planet/zero-waste/refill-replacements/,Shortlist: validate target region,8,2026-09-24
C107,Refill & resource use,Concentrated detergent dosing,Catalogue/service confirmed; national uptake not established,Segment-specific hypothesis; adoption gap and search volume not measured,detergent cost per wash concentration,Pre-purchase or implementation comparison,Household goods / dispensers,Retail links possible; programme approval unverified,High: supermarkets and household brands (editorial estimate; no keyword audit),Dose and cost-per-wash calculator,Primary reference available; scope and missing evidence recorded,"Low to medium: dosing, materials and hygiene",Manufacturer dosing instructions and water hardness,KAO_DOSE,https://www.kao.com/global/en/sustainability/nature/environment/lca-story-attackzero/,Hold for topic-specific validation,,2026-09-24
C108,Refill & resource use,Reusable refill dispenser systems,Catalogue/service confirmed; national uptake not established,Segment-specific hypothesis; adoption gap and search volume not measured,refill pouch dispenser compatibility,Readiness / implementation research,Household goods / dispensers,Retail links possible; programme approval unverified,High: supermarkets and household brands (editorial estimate; no keyword audit),Neck and pouch-fit checklist,Primary reference available; scope and missing evidence recorded,"Low to medium: dosing, materials and hygiene",Hygiene and compatible materials; no mixing products,KAO_REFILL,https://www.kao.com/global/en/sustainability/planet/zero-waste/refill-replacements/,Hold for topic-specific validation,,2026-09-24
C109,Refill & resource use,Used-pouch collection schemes,Specialty/pilot or limited application; does not meet a blanket everyday-adoption claim,Segment-specific hypothesis; adoption gap and search volume not measured,refill pouch recycling near me,Readiness / implementation research,Household goods / dispensers,Retail links possible; programme approval unverified,High: supermarkets and household brands (editorial estimate; no keyword audit),Local acceptance checklist,Primary reference available; scope and missing evidence recorded,"Low to medium: dosing, materials and hygiene",Pilot programmes are not universal recycling access,KAO_COLLECTION,https://www.kao.com/global/en/newsroom/news/release/2024/20240308-001/,Hold for topic-specific validation,,2026-09-24
C110,Refill & resource use,Refill stock and reorder routines,Catalogue/service confirmed; national uptake not established,Segment-specific hypothesis; adoption gap and search volume not measured,household refill inventory tracker,Pre-purchase or implementation comparison,Household goods / dispensers,Retail links possible; programme approval unverified,High: supermarkets and household brands (editorial estimate; no keyword audit),Consumption and reorder worksheet,Primary reference available; scope and missing evidence recorded,"Low to medium: dosing, materials and hygiene",Avoid overbuying; practical habit not evidence of national adoption,KAO_REFILL,https://www.kao.com/global/en/sustainability/planet/zero-waste/refill-replacements/,Hold for topic-specific validation,,2026-09-24
